vidId,frameNum,timestamp,detectedObjId,detectedObjClass,confidence,bbox info
Why It’s Usually Hotter In A City  Lets Talk  NPR.mp4,0,0.0,7,train,0.5048418045043945,"[27.261384963989258, 9.444360733032227, 224.0, 172.8162384033203]"
Why It’s Usually Hotter In A City  Lets Talk  NPR.mp4,30,1.25125,7,train,0.6142926812171936,"[14.186014175415039, 12.354435920715332, 224.0, 195.88095092773438]"
Why It’s Usually Hotter In A City  Lets Talk  NPR.mp4,60,2.5025,7,train,0.6651744246482849,"[17.3006649017334, 8.628183364868164, 224.0, 216.46810913085938]"
Why It’s Usually Hotter In A City  Lets Talk  NPR.mp4,90,3.7537499999999997,47,banana,0.5499885678291321,"[6.594973087310791, 178.3007354736328, 59.516815185546875, 223.08709716796875]"
Why It’s Usually Hotter In A City  Lets Talk  NPR.mp4,120,5.005,1,person,0.9988678693771362,"[29.078676223754883, 29.867979049682617, 194.96620178222656, 221.32257080078125]"
Why It’s Usually Hotter In A City  Lets Talk  NPR.mp4,150,6.25625,1,person,0.9990468621253967,"[33.639793395996094, 31.294818878173828, 193.36553955078125, 218.59828186035156]"
Why It’s Usually Hotter In A City  Lets Talk  NPR.mp4,180,7.507499999999999,1,person,0.9991196990013123,"[33.822696685791016, 28.439619064331055, 194.96482849121094, 221.9180450439453]"
Why It’s Usually Hotter In A City  Lets Talk  NPR.mp4,210,8.75875,1,person,0.9984715580940247,"[34.48258972167969, 31.651365280151367, 187.18771362304688, 217.23651123046875]"
Why It’s Usually Hotter In A City  Lets Talk  NPR.mp4,240,10.01,1,person,0.964422345161438,"[2.920177936553955, 133.55223083496094, 54.66838455200195, 221.22311401367188]"
Why It’s Usually Hotter In A City  Lets Talk  NPR.mp4,240,10.01,1,person,0.6602028012275696,"[68.33858489990234, 12.746785163879395, 202.3780975341797, 222.94879150390625]"
Why It’s Usually Hotter In A City  Lets Talk  NPR.mp4,270,11.261249999999999,90,Unknown,0.5954664945602417,"[31.11260414123535, 51.01354217529297, 84.34130096435547, 223.56686401367188]"
Why It’s Usually Hotter In A City  Lets Talk  NPR.mp4,270,11.261249999999999,89,Unknown,0.5489497184753418,"[85.36296081542969, 15.271202087402344, 142.7969970703125, 151.45162963867188]"
Why It’s Usually Hotter In A City  Lets Talk  NPR.mp4,300,12.5125,37,skateboard,0.9928417205810547,"[100.74531555175781, 43.77602005004883, 117.52189636230469, 56.688438415527344]"
Why It’s Usually Hotter In A City  Lets Talk  NPR.mp4,300,12.5125,1,person,0.894271731376648,"[6.021883964538574, 70.20962524414062, 88.90434265136719, 220.55970764160156]"
Why It’s Usually Hotter In A City  Lets Talk  NPR.mp4,300,12.5125,1,person,0.8571478724479675,"[20.7768497467041, 34.40129852294922, 167.86923217773438, 219.32391357421875]"
Why It’s Usually Hotter In A City  Lets Talk  NPR.mp4,330,13.763749999999998,1,person,0.7273830771446228,"[22.236459732055664, 24.165424346923828, 199.16326904296875, 223.355712890625]"
Why It’s Usually Hotter In A City  Lets Talk  NPR.mp4,330,13.763749999999998,1,person,0.6817237734794617,"[9.464205741882324, 49.14329147338867, 73.5140151977539, 222.25157165527344]"
Why It’s Usually Hotter In A City  Lets Talk  NPR.mp4,360,15.014999999999999,1,person,0.7934169769287109,"[15.313962936401367, 51.10812759399414, 64.81068420410156, 224.0]"
Why It’s Usually Hotter In A City  Lets Talk  NPR.mp4,360,15.014999999999999,1,person,0.6810675263404846,"[28.476293563842773, 31.02838897705078, 198.1092529296875, 224.0]"
Why It’s Usually Hotter In A City  Lets Talk  NPR.mp4,360,15.014999999999999,1,person,0.5152745246887207,"[73.34759521484375, 105.16544342041016, 196.81939697265625, 222.29794311523438]"
Why It’s Usually Hotter In A City  Lets Talk  NPR.mp4,480,20.02,3,car,0.9531751871109009,"[49.93087387084961, 204.41220092773438, 64.65929412841797, 216.77786254882812]"
Why It’s Usually Hotter In A City  Lets Talk  NPR.mp4,480,20.02,3,car,0.9419242739677429,"[189.2285919189453, 195.89529418945312, 205.05833435058594, 207.39337158203125]"
Why It’s Usually Hotter In A City  Lets Talk  NPR.mp4,480,20.02,3,car,0.9309750199317932,"[201.74615478515625, 139.65628051757812, 213.03733825683594, 145.33648681640625]"
Why It’s Usually Hotter In A City  Lets Talk  NPR.mp4,480,20.02,3,car,0.9253453612327576,"[135.77745056152344, 201.93374633789062, 154.25962829589844, 213.59017944335938]"
Why It’s Usually Hotter In A City  Lets Talk  NPR.mp4,480,20.02,3,car,0.856159508228302,"[188.2445068359375, 155.4612579345703, 198.33636474609375, 161.31393432617188]"
Why It’s Usually Hotter In A City  Lets Talk  NPR.mp4,480,20.02,3,car,0.8386527895927429,"[146.8487548828125, 195.82997131347656, 160.3951873779297, 206.25242614746094]"
Why It’s Usually Hotter In A City  Lets Talk  NPR.mp4,480,20.02,3,car,0.8198422789573669,"[159.2875518798828, 180.76365661621094, 171.5794219970703, 187.179931640625]"
Why It’s Usually Hotter In A City  Lets Talk  NPR.mp4,480,20.02,3,car,0.818591833114624,"[92.92717742919922, 177.05467224121094, 105.6319580078125, 185.62889099121094]"
Why It’s Usually Hotter In A City  Lets Talk  NPR.mp4,480,20.02,3,car,0.7986420392990112,"[193.55841064453125, 146.79141235351562, 205.77969360351562, 153.95767211914062]"
Why It’s Usually Hotter In A City  Lets Talk  NPR.mp4,480,20.02,3,car,0.7880915999412537,"[155.35362243652344, 191.0665740966797, 168.44358825683594, 200.2803192138672]"
Why It’s Usually Hotter In A City  Lets Talk  NPR.mp4,480,20.02,3,car,0.7847098708152771,"[163.04702758789062, 175.69351196289062, 177.73236083984375, 185.4256591796875]"
Why It’s Usually Hotter In A City  Lets Talk  NPR.mp4,480,20.02,3,car,0.7495808601379395,"[156.2921600341797, 186.0779266357422, 164.74127197265625, 191.34027099609375]"
Why It’s Usually Hotter In A City  Lets Talk  NPR.mp4,480,20.02,3,car,0.7463306784629822,"[35.38578414916992, 213.7431182861328, 53.260650634765625, 223.8331298828125]"
Why It’s Usually Hotter In A City  Lets Talk  NPR.mp4,480,20.02,3,car,0.7258771061897278,"[156.94700622558594, 187.32528686523438, 173.9329376220703, 196.00473022460938]"
Why It’s Usually Hotter In A City  Lets Talk  NPR.mp4,480,20.02,3,car,0.7172152400016785,"[158.706787109375, 189.9550018310547, 171.2420196533203, 197.18434143066406]"
Why It’s Usually Hotter In A City  Lets Talk  NPR.mp4,480,20.02,3,car,0.7045845985412598,"[171.50872802734375, 165.56117248535156, 189.96343994140625, 177.13233947753906]"
Why It’s Usually Hotter In A City  Lets Talk  NPR.mp4,480,20.02,3,car,0.6866380572319031,"[201.591796875, 144.4450225830078, 209.60430908203125, 149.8746337890625]"
Why It’s Usually Hotter In A City  Lets Talk  NPR.mp4,480,20.02,3,car,0.6826835870742798,"[149.73362731933594, 193.0546112060547, 166.6334686279297, 201.1004180908203]"
Why It’s Usually Hotter In A City  Lets Talk  NPR.mp4,480,20.02,3,car,0.6686623096466064,"[169.1763458251953, 149.9018096923828, 180.12013244628906, 155.63941955566406]"
Why It’s Usually Hotter In A City  Lets Talk  NPR.mp4,480,20.02,3,car,0.66423100233078,"[129.2389373779297, 213.91024780273438, 145.7194366455078, 222.80653381347656]"
Why It’s Usually Hotter In A City  Lets Talk  NPR.mp4,480,20.02,3,car,0.6616274118423462,"[208.1948699951172, 134.5133056640625, 216.88197326660156, 139.21249389648438]"
Why It’s Usually Hotter In A City  Lets Talk  NPR.mp4,480,20.02,3,car,0.6442459225654602,"[157.8359832763672, 182.52349853515625, 173.5587158203125, 193.97984313964844]"
Why It’s Usually Hotter In A City  Lets Talk  NPR.mp4,480,20.02,3,car,0.617875337600708,"[156.8931884765625, 185.6123046875, 171.23829650878906, 192.01766967773438]"
Why It’s Usually Hotter In A City  Lets Talk  NPR.mp4,480,20.02,3,car,0.6053333878517151,"[195.53736877441406, 145.851318359375, 205.23622131347656, 150.9325714111328]"
Why It’s Usually Hotter In A City  Lets Talk  NPR.mp4,480,20.02,3,car,0.599011242389679,"[182.62603759765625, 158.83425903320312, 194.56240844726562, 165.74658203125]"
Why It’s Usually Hotter In A City  Lets Talk  NPR.mp4,510,21.27125,3,car,0.9428226351737976,"[49.952003479003906, 202.4373016357422, 64.24911499023438, 215.53744506835938]"
Why It’s Usually Hotter In A City  Lets Talk  NPR.mp4,510,21.27125,3,car,0.9265297055244446,"[147.2642059326172, 195.7270965576172, 159.6919708251953, 204.86940002441406]"
Why It’s Usually Hotter In A City  Lets Talk  NPR.mp4,510,21.27125,3,car,0.9159604907035828,"[137.6012725830078, 199.95999145507812, 154.0782012939453, 212.92120361328125]"
Why It’s Usually Hotter In A City  Lets Talk  NPR.mp4,510,21.27125,3,car,0.9022125601768494,"[193.4690704345703, 144.72732543945312, 204.21533203125, 153.79652404785156]"
Why It’s Usually Hotter In A City  Lets Talk  NPR.mp4,510,21.27125,3,car,0.8700922131538391,"[188.70010375976562, 193.8658447265625, 205.00091552734375, 206.69676208496094]"
Why It’s Usually Hotter In A City  Lets Talk  NPR.mp4,510,21.27125,3,car,0.8649094700813293,"[155.10836791992188, 189.92027282714844, 168.34564208984375, 197.8375244140625]"
Why It’s Usually Hotter In A City  Lets Talk  NPR.mp4,510,21.27125,3,car,0.8645845055580139,"[168.4313201904297, 148.86012268066406, 179.96316528320312, 154.57691955566406]"
Why It’s Usually Hotter In A City  Lets Talk  NPR.mp4,510,21.27125,3,car,0.8623233437538147,"[201.3920440673828, 138.76495361328125, 211.73878479003906, 143.77337646484375]"
Why It’s Usually Hotter In A City  Lets Talk  NPR.mp4,510,21.27125,3,car,0.8166342973709106,"[129.8990936279297, 206.32423400878906, 148.1182098388672, 216.4115753173828]"
Why It’s Usually Hotter In A City  Lets Talk  NPR.mp4,510,21.27125,3,car,0.8148309588432312,"[35.8310432434082, 211.54774475097656, 53.03195571899414, 223.25241088867188]"
Why It’s Usually Hotter In A City  Lets Talk  NPR.mp4,510,21.27125,3,car,0.7973659038543701,"[188.16419982910156, 154.6734161376953, 197.28256225585938, 160.10052490234375]"
Why It’s Usually Hotter In A City  Lets Talk  NPR.mp4,510,21.27125,3,car,0.746919572353363,"[201.09063720703125, 143.22779846191406, 208.75929260253906, 148.63546752929688]"
Why It’s Usually Hotter In A City  Lets Talk  NPR.mp4,510,21.27125,3,car,0.7420064210891724,"[92.36766815185547, 175.54592895507812, 105.5369644165039, 183.6186981201172]"
Why It’s Usually Hotter In A City  Lets Talk  NPR.mp4,510,21.27125,3,car,0.7247151732444763,"[192.7515411376953, 147.7938232421875, 203.03036499023438, 155.35638427734375]"
Why It’s Usually Hotter In A City  Lets Talk  NPR.mp4,510,21.27125,42,cup,0.716266393661499,"[106.05016326904297, 62.30171203613281, 208.61111450195312, 79.23834228515625]"
Why It’s Usually Hotter In A City  Lets Talk  NPR.mp4,510,21.27125,3,car,0.7113891243934631,"[157.69711303710938, 177.98777770996094, 171.99977111816406, 189.31199645996094]"
Why It’s Usually Hotter In A City  Lets Talk  NPR.mp4,510,21.27125,3,car,0.6957007050514221,"[136.3300018310547, 148.37242126464844, 144.62945556640625, 153.7062530517578]"
Why It’s Usually Hotter In A City  Lets Talk  NPR.mp4,510,21.27125,3,car,0.6865989565849304,"[128.02784729003906, 212.60902404785156, 145.25827026367188, 221.70672607421875]"
Why It’s Usually Hotter In A City  Lets Talk  NPR.mp4,510,21.27125,3,car,0.654499351978302,"[149.21401977539062, 192.94512939453125, 161.62374877929688, 202.1837921142578]"
Why It’s Usually Hotter In A City  Lets Talk  NPR.mp4,510,21.27125,3,car,0.6291090250015259,"[144.13250732421875, 196.87303161621094, 156.6011199951172, 207.8874053955078]"
Why It’s Usually Hotter In A City  Lets Talk  NPR.mp4,510,21.27125,3,car,0.6046770215034485,"[155.5717010498047, 184.71475219726562, 164.3823699951172, 190.1155242919922]"
Why It’s Usually Hotter In A City  Lets Talk  NPR.mp4,510,21.27125,3,car,0.5795139074325562,"[172.00889587402344, 163.8397216796875, 189.76675415039062, 175.38226318359375]"
Why It’s Usually Hotter In A City  Lets Talk  NPR.mp4,510,21.27125,3,car,0.5667260885238647,"[186.80458068847656, 155.40003967285156, 195.71270751953125, 162.6378631591797]"
Why It’s Usually Hotter In A City  Lets Talk  NPR.mp4,510,21.27125,3,car,0.5488480925559998,"[151.1884307861328, 190.9535675048828, 164.84902954101562, 199.2771453857422]"
Why It’s Usually Hotter In A City  Lets Talk  NPR.mp4,510,21.27125,3,car,0.5321469902992249,"[183.00546264648438, 157.71180725097656, 193.5495147705078, 164.0697479248047]"
Why It’s Usually Hotter In A City  Lets Talk  NPR.mp4,510,21.27125,3,car,0.5305668115615845,"[100.68414306640625, 168.9191436767578, 112.85372924804688, 177.71432495117188]"
Why It’s Usually Hotter In A City  Lets Talk  NPR.mp4,510,21.27125,3,car,0.5136310458183289,"[195.86260986328125, 144.37208557128906, 204.14393615722656, 149.0658721923828]"
Why It’s Usually Hotter In A City  Lets Talk  NPR.mp4,540,22.522499999999997,28,tie,0.6702093482017517,"[19.80486488342285, 123.0651626586914, 215.49069213867188, 219.09292602539062]"
Why It’s Usually Hotter In A City  Lets Talk  NPR.mp4,540,22.522499999999997,28,tie,0.5804415345191956,"[5.1547627449035645, 137.10189819335938, 121.33631896972656, 192.32257080078125]"
Why It’s Usually Hotter In A City  Lets Talk  NPR.mp4,570,23.77375,28,tie,0.5786227583885193,"[9.31663990020752, 123.145263671875, 212.8020477294922, 217.58241271972656]"
Why It’s Usually Hotter In A City  Lets Talk  NPR.mp4,570,23.77375,28,tie,0.5286909937858582,"[2.980426073074341, 137.26705932617188, 122.48068237304688, 192.67861938476562]"
Why It’s Usually Hotter In A City  Lets Talk  NPR.mp4,780,32.5325,1,person,0.9992365837097168,"[162.05841064453125, 113.08976745605469, 209.5683135986328, 223.6724090576172]"
Why It’s Usually Hotter In A City  Lets Talk  NPR.mp4,780,32.5325,1,person,0.9989897608757019,"[75.82144927978516, 119.32344818115234, 123.75887298583984, 221.25]"
Why It’s Usually Hotter In A City  Lets Talk  NPR.mp4,780,32.5325,10,traffic light,0.9952630996704102,"[5.928596019744873, 27.894935607910156, 17.42266082763672, 57.93147277832031]"
Why It’s Usually Hotter In A City  Lets Talk  NPR.mp4,780,32.5325,10,traffic light,0.9912347793579102,"[47.75002670288086, 44.61589431762695, 54.48783493041992, 69.45921325683594]"
Why It’s Usually Hotter In A City  Lets Talk  NPR.mp4,780,32.5325,10,traffic light,0.9854905605316162,"[56.9722900390625, 78.78218078613281, 63.76554489135742, 95.48350524902344]"
Why It’s Usually Hotter In A City  Lets Talk  NPR.mp4,780,32.5325,1,person,0.9327786564826965,"[62.840301513671875, 120.11598205566406, 68.63021850585938, 139.20359802246094]"
Why It’s Usually Hotter In A City  Lets Talk  NPR.mp4,780,32.5325,10,traffic light,0.9228300452232361,"[47.59555435180664, 79.87446594238281, 52.4437370300293, 95.83028411865234]"
Why It’s Usually Hotter In A City  Lets Talk  NPR.mp4,780,32.5325,1,person,0.8924487829208374,"[70.2825927734375, 129.68624877929688, 86.25260162353516, 209.48843383789062]"
Why It’s Usually Hotter In A City  Lets Talk  NPR.mp4,780,32.5325,1,person,0.6410364508628845,"[70.70233154296875, 121.05249786376953, 74.23603057861328, 128.41690063476562]"
Why It’s Usually Hotter In A City  Lets Talk  NPR.mp4,780,32.5325,8,truck,0.6198648810386658,"[84.62068939208984, 113.0031509399414, 107.80953979492188, 126.96846008300781]"
Why It’s Usually Hotter In A City  Lets Talk  NPR.mp4,780,32.5325,31,skis,0.5749263763427734,"[72.92741394042969, 165.273681640625, 85.23252868652344, 200.071533203125]"
Why It’s Usually Hotter In A City  Lets Talk  NPR.mp4,810,33.78375,1,person,0.9994173049926758,"[100.96267700195312, 124.43505096435547, 138.91246032714844, 223.6861572265625]"
Why It’s Usually Hotter In A City  Lets Talk  NPR.mp4,810,33.78375,1,person,0.9992899894714355,"[164.73483276367188, 116.1379623413086, 203.08108520507812, 224.0]"
Why It’s Usually Hotter In A City  Lets Talk  NPR.mp4,810,33.78375,10,traffic light,0.995746910572052,"[5.972963809967041, 27.625207901000977, 17.56336212158203, 57.670501708984375]"
Why It’s Usually Hotter In A City  Lets Talk  NPR.mp4,810,33.78375,1,person,0.9954877495765686,"[80.27783203125, 129.0388946533203, 99.11013793945312, 194.67031860351562]"
Why It’s Usually Hotter In A City  Lets Talk  NPR.mp4,810,33.78375,10,traffic light,0.9875473976135254,"[47.82313919067383, 44.707603454589844, 54.67015838623047, 69.38143920898438]"
Why It’s Usually Hotter In A City  Lets Talk  NPR.mp4,810,33.78375,10,traffic light,0.984975278377533,"[56.9996452331543, 78.60111236572266, 63.874916076660156, 95.32670593261719]"
Why It’s Usually Hotter In A City  Lets Talk  NPR.mp4,810,33.78375,1,person,0.9547730088233948,"[99.06999206542969, 122.27733612060547, 107.53693389892578, 145.77491760253906]"
Why It’s Usually Hotter In A City  Lets Talk  NPR.mp4,810,33.78375,10,traffic light,0.9359132051467896,"[47.72531509399414, 79.65421295166016, 52.659034729003906, 95.61759948730469]"
Why It’s Usually Hotter In A City  Lets Talk  NPR.mp4,810,33.78375,27,handbag,0.9095560312271118,"[82.41062927246094, 138.61175537109375, 95.37662506103516, 161.2875518798828]"
Why It’s Usually Hotter In A City  Lets Talk  NPR.mp4,810,33.78375,1,person,0.8399270176887512,"[63.31391143798828, 120.10320281982422, 68.62075805664062, 137.80543518066406]"
Why It’s Usually Hotter In A City  Lets Talk  NPR.mp4,810,33.78375,1,person,0.5786847472190857,"[71.0107421875, 120.98648834228516, 74.35276794433594, 129.16273498535156]"
Why It’s Usually Hotter In A City  Lets Talk  NPR.mp4,810,33.78375,18,horse,0.525580883026123,"[209.0034942626953, 181.52438354492188, 223.36842346191406, 223.4589080810547]"
Why It’s Usually Hotter In A City  Lets Talk  NPR.mp4,840,35.035,3,car,0.9968960285186768,"[76.77980041503906, 135.35585021972656, 107.09967803955078, 167.6855010986328]"
Why It’s Usually Hotter In A City  Lets Talk  NPR.mp4,840,35.035,3,car,0.9935158491134644,"[63.729347229003906, 115.38286590576172, 88.30840301513672, 138.06446838378906]"
Why It’s Usually Hotter In A City  Lets Talk  NPR.mp4,840,35.035,3,car,0.9909802079200745,"[129.51092529296875, 117.63838958740234, 149.69888305664062, 141.36068725585938]"
Why It’s Usually Hotter In A City  Lets Talk  NPR.mp4,840,35.035,3,car,0.9736627340316772,"[3.216191053390503, 153.3210906982422, 50.31539535522461, 199.11082458496094]"
Why It’s Usually Hotter In A City  Lets Talk  NPR.mp4,840,35.035,3,car,0.9650632739067078,"[199.07589721679688, 112.83614349365234, 222.7448272705078, 140.30935668945312]"
Why It’s Usually Hotter In A City  Lets Talk  NPR.mp4,840,35.035,3,car,0.9600486159324646,"[138.3863983154297, 93.6655044555664, 152.26998901367188, 110.46377563476562]"
Why It’s Usually Hotter In A City  Lets Talk  NPR.mp4,840,35.035,3,car,0.9465226531028748,"[105.79253387451172, 97.19029998779297, 123.18074798583984, 118.0196762084961]"
Why It’s Usually Hotter In A City  Lets Talk  NPR.mp4,840,35.035,3,car,0.9286395311355591,"[94.01886749267578, 84.22321319580078, 108.41215515136719, 101.07567596435547]"
Why It’s Usually Hotter In A City  Lets Talk  NPR.mp4,840,35.035,3,car,0.8740451335906982,"[121.18379211425781, 57.32128143310547, 126.79824829101562, 64.15013122558594]"
Why It’s Usually Hotter In A City  Lets Talk  NPR.mp4,840,35.035,3,car,0.8629878759384155,"[110.7311019897461, 65.34236145019531, 121.01052856445312, 77.8382797241211]"
Why It’s Usually Hotter In A City  Lets Talk  NPR.mp4,840,35.035,3,car,0.8537893891334534,"[120.0581283569336, 157.988525390625, 152.21217346191406, 202.2344512939453]"
Why It’s Usually Hotter In A City  Lets Talk  NPR.mp4,840,35.035,8,truck,0.8525186777114868,"[155.1366729736328, 41.925411224365234, 184.27154541015625, 54.257049560546875]"
Why It’s Usually Hotter In A City  Lets Talk  NPR.mp4,840,35.035,3,car,0.8214258551597595,"[153.3583526611328, 52.81925964355469, 160.16262817382812, 62.11324691772461]"
Why It’s Usually Hotter In A City  Lets Talk  NPR.mp4,840,35.035,3,car,0.7782958149909973,"[141.68287658691406, 59.351539611816406, 152.2645263671875, 88.97478485107422]"
Why It’s Usually Hotter In A City  Lets Talk  NPR.mp4,840,35.035,3,car,0.6258562207221985,"[124.8079833984375, 69.31703186035156, 134.3347625732422, 78.84880828857422]"
Why It’s Usually Hotter In A City  Lets Talk  NPR.mp4,840,35.035,3,car,0.5764849781990051,"[116.90030670166016, 85.16311645507812, 130.51853942871094, 101.51478576660156]"
Why It’s Usually Hotter In A City  Lets Talk  NPR.mp4,840,35.035,3,car,0.5573968291282654,"[131.7252197265625, 56.48681640625, 137.3511962890625, 64.4449691772461]"
Why It’s Usually Hotter In A City  Lets Talk  NPR.mp4,840,35.035,3,car,0.5506646037101746,"[185.83255004882812, 54.421844482421875, 192.8688507080078, 62.14625549316406]"
Why It’s Usually Hotter In A City  Lets Talk  NPR.mp4,840,35.035,3,car,0.5335395336151123,"[116.2746353149414, 75.90409088134766, 126.73604583740234, 87.20018768310547]"
Why It’s Usually Hotter In A City  Lets Talk  NPR.mp4,840,35.035,3,car,0.5297276973724365,"[135.54757690429688, 53.702938079833984, 145.0426025390625, 58.46735382080078]"
Why It’s Usually Hotter In A City  Lets Talk  NPR.mp4,840,35.035,3,car,0.5284424424171448,"[129.24317932128906, 63.51085662841797, 136.81410217285156, 71.52073669433594]"
Why It’s Usually Hotter In A City  Lets Talk  NPR.mp4,870,36.286249999999995,7,train,0.9860705733299255,"[39.34886169433594, 39.5895881652832, 200.3402099609375, 207.16049194335938]"
Why It’s Usually Hotter In A City  Lets Talk  NPR.mp4,870,36.286249999999995,84,Unknown,0.5542657375335693,"[116.16682434082031, 164.74252319335938, 185.3534698486328, 190.58950805664062]"
Why It’s Usually Hotter In A City  Lets Talk  NPR.mp4,900,37.537499999999994,77,scissors,0.9736836552619934,"[60.598453521728516, 39.83854675292969, 193.05429077148438, 215.9712371826172]"
Why It’s Usually Hotter In A City  Lets Talk  NPR.mp4,900,37.537499999999994,1,person,0.6011500358581543,"[0.0, 0.0, 220.41473388671875, 206.14593505859375]"
Why It’s Usually Hotter In A City  Lets Talk  NPR.mp4,930,38.78875,3,car,0.9952179789543152,"[97.0969467163086, 147.26280212402344, 119.61820220947266, 161.34852600097656]"
Why It’s Usually Hotter In A City  Lets Talk  NPR.mp4,930,38.78875,3,car,0.9851685762405396,"[84.21096801757812, 141.18386840820312, 102.71058654785156, 154.57164001464844]"
Why It’s Usually Hotter In A City  Lets Talk  NPR.mp4,930,38.78875,1,person,0.9811192750930786,"[19.671409606933594, 195.45372009277344, 26.500328063964844, 220.34628295898438]"
Why It’s Usually Hotter In A City  Lets Talk  NPR.mp4,930,38.78875,3,car,0.9786723852157593,"[72.50102996826172, 135.4894561767578, 91.14413452148438, 149.16384887695312]"
Why It’s Usually Hotter In A City  Lets Talk  NPR.mp4,930,38.78875,3,car,0.9399968385696411,"[7.542287349700928, 138.22605895996094, 21.50804328918457, 152.21087646484375]"
Why It’s Usually Hotter In A City  Lets Talk  NPR.mp4,930,38.78875,3,car,0.9371286630630493,"[32.66094970703125, 138.38818359375, 43.30979919433594, 149.15420532226562]"
Why It’s Usually Hotter In A City  Lets Talk  NPR.mp4,930,38.78875,1,person,0.9151207208633423,"[14.848258018493652, 204.67164611816406, 23.53725242614746, 223.76158142089844]"
Why It’s Usually Hotter In A City  Lets Talk  NPR.mp4,930,38.78875,3,car,0.8673798441886902,"[52.278533935546875, 129.99014282226562, 65.50477600097656, 141.68658447265625]"
Why It’s Usually Hotter In A City  Lets Talk  NPR.mp4,930,38.78875,3,car,0.8520296812057495,"[5.849104881286621, 137.21673583984375, 19.69610023498535, 146.5209503173828]"
Why It’s Usually Hotter In A City  Lets Talk  NPR.mp4,930,38.78875,1,person,0.8459640145301819,"[14.221294403076172, 201.49542236328125, 20.821958541870117, 219.80572509765625]"
Why It’s Usually Hotter In A City  Lets Talk  NPR.mp4,930,38.78875,3,car,0.8443601131439209,"[57.91331100463867, 184.6826934814453, 94.71430969238281, 222.2515411376953]"
Why It’s Usually Hotter In A City  Lets Talk  NPR.mp4,930,38.78875,3,car,0.7777313590049744,"[18.22041130065918, 144.6314697265625, 30.402326583862305, 159.56427001953125]"
Why It’s Usually Hotter In A City  Lets Talk  NPR.mp4,930,38.78875,8,truck,0.7755836248397827,"[190.06195068359375, 98.08062744140625, 203.87832641601562, 113.35530853271484]"
Why It’s Usually Hotter In A City  Lets Talk  NPR.mp4,930,38.78875,3,car,0.6749089360237122,"[39.78318405151367, 175.76962280273438, 66.45008087158203, 203.52110290527344]"
Why It’s Usually Hotter In A City  Lets Talk  NPR.mp4,930,38.78875,3,car,0.6118423342704773,"[3.2564258575439453, 133.83938598632812, 15.428126335144043, 142.71669006347656]"
Why It’s Usually Hotter In A City  Lets Talk  NPR.mp4,930,38.78875,3,car,0.6102883219718933,"[1.4252195358276367, 143.79934692382812, 6.605250358581543, 149.22267150878906]"
Why It’s Usually Hotter In A City  Lets Talk  NPR.mp4,930,38.78875,1,person,0.5508677363395691,"[189.44955444335938, 105.23697662353516, 192.5800323486328, 112.2447509765625]"
Why It’s Usually Hotter In A City  Lets Talk  NPR.mp4,960,40.04,3,car,0.9950457811355591,"[97.43891143798828, 147.66815185546875, 119.03589630126953, 161.80148315429688]"
Why It’s Usually Hotter In A City  Lets Talk  NPR.mp4,960,40.04,3,car,0.9859374165534973,"[84.28154754638672, 141.12855529785156, 102.82903289794922, 155.1043701171875]"
Why It’s Usually Hotter In A City  Lets Talk  NPR.mp4,960,40.04,1,person,0.9843147397041321,"[18.74892807006836, 187.93203735351562, 26.45992088317871, 214.4855194091797]"
Why It’s Usually Hotter In A City  Lets Talk  NPR.mp4,960,40.04,1,person,0.9813106060028076,"[11.288384437561035, 194.19686889648438, 20.89793586730957, 223.84521484375]"
Why It’s Usually Hotter In A City  Lets Talk  NPR.mp4,960,40.04,3,car,0.9674512147903442,"[72.2790756225586, 135.4457550048828, 90.92872619628906, 149.16622924804688]"
Why It’s Usually Hotter In A City  Lets Talk  NPR.mp4,960,40.04,3,car,0.9191277623176575,"[8.028043746948242, 139.00807189941406, 21.617345809936523, 154.28269958496094]"
Why It’s Usually Hotter In A City  Lets Talk  NPR.mp4,960,40.04,3,car,0.9038875699043274,"[47.29041290283203, 146.907470703125, 65.94200134277344, 166.09423828125]"
Why It’s Usually Hotter In A City  Lets Talk  NPR.mp4,960,40.04,3,car,0.8331263661384583,"[57.14430236816406, 183.842041015625, 95.57376861572266, 222.60916137695312]"
Why It’s Usually Hotter In A City  Lets Talk  NPR.mp4,960,40.04,3,car,0.8308723568916321,"[39.204994201660156, 175.5725555419922, 66.35889434814453, 203.2833709716797]"
Why It’s Usually Hotter In A City  Lets Talk  NPR.mp4,960,40.04,3,car,0.8258301615715027,"[5.349785327911377, 136.7298126220703, 20.943660736083984, 149.08827209472656]"
Why It’s Usually Hotter In A City  Lets Talk  NPR.mp4,960,40.04,3,car,0.7703818678855896,"[3.912046194076538, 136.5816650390625, 18.368824005126953, 144.4141387939453]"
Why It’s Usually Hotter In A City  Lets Talk  NPR.mp4,960,40.04,3,car,0.7538074851036072,"[17.50611686706543, 145.26626586914062, 30.395366668701172, 159.1854705810547]"
Why It’s Usually Hotter In A City  Lets Talk  NPR.mp4,960,40.04,3,car,0.70956951379776,"[51.900997161865234, 129.84710693359375, 66.27339935302734, 141.2350311279297]"
Why It’s Usually Hotter In A City  Lets Talk  NPR.mp4,960,40.04,8,truck,0.7055251598358154,"[189.7284393310547, 97.99465942382812, 203.98068237304688, 113.38867950439453]"
Why It’s Usually Hotter In A City  Lets Talk  NPR.mp4,960,40.04,3,car,0.5695605278015137,"[3.3539769649505615, 134.82176208496094, 15.638956069946289, 141.2060546875]"
Why It’s Usually Hotter In A City  Lets Talk  NPR.mp4,990,41.29125,3,car,0.9912139773368835,"[96.84729766845703, 147.1971893310547, 119.59925079345703, 161.2778778076172]"
Why It’s Usually Hotter In A City  Lets Talk  NPR.mp4,990,41.29125,1,person,0.9802717566490173,"[13.582371711730957, 188.24066162109375, 20.16130828857422, 211.3567352294922]"
Why It’s Usually Hotter In A City  Lets Talk  NPR.mp4,990,41.29125,1,person,0.9792014360427856,"[7.107357501983643, 193.3286590576172, 15.55221176147461, 221.86817932128906]"
Why It’s Usually Hotter In A City  Lets Talk  NPR.mp4,990,41.29125,1,person,0.9789628982543945,"[19.42015266418457, 183.20050048828125, 26.303024291992188, 209.87664794921875]"
Why It’s Usually Hotter In A City  Lets Talk  NPR.mp4,990,41.29125,3,car,0.9760941863059998,"[83.98577880859375, 141.1085205078125, 103.43819427490234, 154.88775634765625]"
Why It’s Usually Hotter In A City  Lets Talk  NPR.mp4,990,41.29125,3,car,0.9726722836494446,"[72.48323822021484, 135.2943115234375, 91.10165405273438, 149.18450927734375]"
Why It’s Usually Hotter In A City  Lets Talk  NPR.mp4,990,41.29125,3,car,0.9234499931335449,"[7.433473110198975, 138.124755859375, 21.547821044921875, 152.9339599609375]"
Why It’s Usually Hotter In A City  Lets Talk  NPR.mp4,990,41.29125,3,car,0.883770763874054,"[57.24225997924805, 185.94192504882812, 94.54130554199219, 222.1505584716797]"
Why It’s Usually Hotter In A City  Lets Talk  NPR.mp4,990,41.29125,3,car,0.8323948979377747,"[39.128013610839844, 174.74066162109375, 66.11961364746094, 202.95394897460938]"
Why It’s Usually Hotter In A City  Lets Talk  NPR.mp4,990,41.29125,3,car,0.8247325420379639,"[5.543654441833496, 137.06732177734375, 19.56252670288086, 146.38223266601562]"
Why It’s Usually Hotter In A City  Lets Talk  NPR.mp4,990,41.29125,3,car,0.8104133605957031,"[51.951168060302734, 129.92893981933594, 66.1933364868164, 141.51589965820312]"
Why It’s Usually Hotter In A City  Lets Talk  NPR.mp4,990,41.29125,8,truck,0.8002895712852478,"[73.70266723632812, 163.5840301513672, 105.67296600341797, 194.85397338867188]"
Why It’s Usually Hotter In A City  Lets Talk  NPR.mp4,990,41.29125,3,car,0.7399572134017944,"[17.845130920410156, 145.24417114257812, 30.401859283447266, 158.64393615722656]"
Why It’s Usually Hotter In A City  Lets Talk  NPR.mp4,990,41.29125,8,truck,0.7047855257987976,"[189.7453155517578, 98.02568817138672, 204.20654296875, 113.30289459228516]"
Why It’s Usually Hotter In A City  Lets Talk  NPR.mp4,990,41.29125,3,car,0.6385109424591064,"[3.306765079498291, 135.35943603515625, 16.06662940979004, 143.98651123046875]"
Why It’s Usually Hotter In A City  Lets Talk  NPR.mp4,990,41.29125,3,car,0.5114547610282898,"[2.9530742168426514, 132.96324157714844, 14.703469276428223, 140.4183807373047]"
Why It’s Usually Hotter In A City  Lets Talk  NPR.mp4,990,41.29125,1,person,0.5048782825469971,"[188.36212158203125, 105.00591278076172, 192.72923278808594, 112.18860626220703]"
Why It’s Usually Hotter In A City  Lets Talk  NPR.mp4,1020,42.5425,3,car,0.9945747256278992,"[97.81350708007812, 147.6491241455078, 119.01911926269531, 161.83143615722656]"
Why It’s Usually Hotter In A City  Lets Talk  NPR.mp4,1020,42.5425,1,person,0.9911860823631287,"[13.61143684387207, 181.77911376953125, 19.84115219116211, 205.1623992919922]"
Why It’s Usually Hotter In A City  Lets Talk  NPR.mp4,1020,42.5425,1,person,0.9884046316146851,"[18.413658142089844, 179.01864624023438, 26.19080924987793, 204.43592834472656]"
Why It’s Usually Hotter In A City  Lets Talk  NPR.mp4,1020,42.5425,3,car,0.9859669804573059,"[84.02506256103516, 141.09115600585938, 102.61722564697266, 154.78781127929688]"
Why It’s Usually Hotter In A City  Lets Talk  NPR.mp4,1020,42.5425,3,car,0.979280412197113,"[72.3831558227539, 135.41909790039062, 90.94113159179688, 149.25186157226562]"
Why It’s Usually Hotter In A City  Lets Talk  NPR.mp4,1020,42.5425,1,person,0.9774594902992249,"[4.410966873168945, 186.77096557617188, 11.884599685668945, 213.2232208251953]"
Why It’s Usually Hotter In A City  Lets Talk  NPR.mp4,1020,42.5425,3,car,0.907731294631958,"[7.297130584716797, 138.17250061035156, 21.28953742980957, 152.32432556152344]"
Why It’s Usually Hotter In A City  Lets Talk  NPR.mp4,1020,42.5425,3,car,0.8522581458091736,"[51.997840881347656, 129.8234100341797, 65.98983764648438, 142.1261444091797]"
Why It’s Usually Hotter In A City  Lets Talk  NPR.mp4,1020,42.5425,3,car,0.7870478630065918,"[4.901804447174072, 136.98574829101562, 18.934864044189453, 147.71131896972656]"
Why It’s Usually Hotter In A City  Lets Talk  NPR.mp4,1020,42.5425,3,car,0.7619310617446899,"[57.77491760253906, 182.88262939453125, 96.01930236816406, 222.1561737060547]"
Why It’s Usually Hotter In A City  Lets Talk  NPR.mp4,1020,42.5425,3,car,0.6592275500297546,"[0.32044845819473267, 98.61044311523438, 6.870633602142334, 113.2027587890625]"
Why It’s Usually Hotter In A City  Lets Talk  NPR.mp4,1020,42.5425,3,car,0.6544710397720337,"[39.72679901123047, 176.00286865234375, 66.08305358886719, 203.48060607910156]"
Why It’s Usually Hotter In A City  Lets Talk  NPR.mp4,1020,42.5425,3,car,0.6419734358787537,"[2.8488171100616455, 135.1046905517578, 16.28352165222168, 143.9058380126953]"
Why It’s Usually Hotter In A City  Lets Talk  NPR.mp4,1020,42.5425,8,truck,0.6274129152297974,"[190.0963897705078, 98.03197479248047, 204.03707885742188, 113.31565856933594]"
Why It’s Usually Hotter In A City  Lets Talk  NPR.mp4,1020,42.5425,3,car,0.6180568933486938,"[18.183908462524414, 145.33375549316406, 30.615802764892578, 158.52647399902344]"
Why It’s Usually Hotter In A City  Lets Talk  NPR.mp4,1020,42.5425,1,person,0.5917415022850037,"[15.916219711303711, 180.04443359375, 23.778505325317383, 204.9419708251953]"
Why It’s Usually Hotter In A City  Lets Talk  NPR.mp4,1020,42.5425,8,truck,0.505722165107727,"[58.01180648803711, 183.29173278808594, 95.61320495605469, 222.25621032714844]"
Why It’s Usually Hotter In A City  Lets Talk  NPR.mp4,1050,43.793749999999996,3,car,0.9955417513847351,"[97.11875915527344, 147.12423706054688, 119.66854095458984, 161.18617248535156]"
Why It’s Usually Hotter In A City  Lets Talk  NPR.mp4,1050,43.793749999999996,3,car,0.9867098927497864,"[84.07799530029297, 141.09432983398438, 102.74540710449219, 154.695556640625]"
Why It’s Usually Hotter In A City  Lets Talk  NPR.mp4,1050,43.793749999999996,1,person,0.9853411316871643,"[13.47366714477539, 177.0995635986328, 19.8875732421875, 199.57908630371094]"
Why It’s Usually Hotter In A City  Lets Talk  NPR.mp4,1050,43.793749999999996,1,person,0.9839280843734741,"[18.663068771362305, 173.5999298095703, 25.356691360473633, 196.6563262939453]"
Why It’s Usually Hotter In A City  Lets Talk  NPR.mp4,1050,43.793749999999996,1,person,0.9836432337760925,"[1.538090467453003, 179.82640075683594, 9.216567039489746, 204.16575622558594]"
Why It’s Usually Hotter In A City  Lets Talk  NPR.mp4,1050,43.793749999999996,3,car,0.9750744104385376,"[72.75397491455078, 135.3009796142578, 91.17816162109375, 149.13865661621094]"
Why It’s Usually Hotter In A City  Lets Talk  NPR.mp4,1050,43.793749999999996,3,car,0.9176709055900574,"[7.615929126739502, 138.12100219726562, 21.657339096069336, 152.8096466064453]"
Why It’s Usually Hotter In A City  Lets Talk  NPR.mp4,1050,43.793749999999996,3,car,0.849084734916687,"[57.81847381591797, 182.9707794189453, 96.26112365722656, 222.3788299560547]"
Why It’s Usually Hotter In A City  Lets Talk  NPR.mp4,1050,43.793749999999996,3,car,0.8485003709793091,"[51.98818588256836, 129.87466430664062, 66.37651824951172, 141.6975555419922]"
Why It’s Usually Hotter In A City  Lets Talk  NPR.mp4,1050,43.793749999999996,3,car,0.8147766590118408,"[5.589117050170898, 137.1173858642578, 19.45952606201172, 146.13279724121094]"
Why It’s Usually Hotter In A City  Lets Talk  NPR.mp4,1050,43.793749999999996,8,truck,0.7212179899215698,"[189.76705932617188, 98.00846099853516, 204.0955352783203, 113.2345199584961]"
Why It’s Usually Hotter In A City  Lets Talk  NPR.mp4,1050,43.793749999999996,3,car,0.7171173095703125,"[40.063720703125, 175.8341522216797, 65.76649475097656, 203.32723999023438]"
Why It’s Usually Hotter In A City  Lets Talk  NPR.mp4,1050,43.793749999999996,3,car,0.6842366456985474,"[18.6146240234375, 145.36122131347656, 30.549564361572266, 158.36521911621094]"
Why It’s Usually Hotter In A City  Lets Talk  NPR.mp4,1050,43.793749999999996,3,car,0.6626187562942505,"[3.5232198238372803, 135.58856201171875, 16.078227996826172, 144.07327270507812]"
Why It’s Usually Hotter In A City  Lets Talk  NPR.mp4,1050,43.793749999999996,1,person,0.5488592386245728,"[188.2868194580078, 104.5698013305664, 192.78207397460938, 112.21517944335938]"
Why It’s Usually Hotter In A City  Lets Talk  NPR.mp4,1050,43.793749999999996,3,car,0.5325178503990173,"[1.5706757307052612, 143.94314575195312, 6.506680965423584, 149.16387939453125]"
Why It’s Usually Hotter In A City  Lets Talk  NPR.mp4,1050,43.793749999999996,3,car,0.5054792761802673,"[2.7338948249816895, 131.53294372558594, 14.314414978027344, 141.73916625976562]"
Why It’s Usually Hotter In A City  Lets Talk  NPR.mp4,1080,45.044999999999995,3,car,0.99913090467453,"[47.693660736083984, 83.51435089111328, 118.42811584472656, 132.02407836914062]"
Why It’s Usually Hotter In A City  Lets Talk  NPR.mp4,1080,45.044999999999995,3,car,0.9979515671730042,"[0.0, 77.22808074951172, 60.43602752685547, 124.48699951171875]"
Why It’s Usually Hotter In A City  Lets Talk  NPR.mp4,1080,45.044999999999995,3,car,0.9913932085037231,"[140.02032470703125, 84.40177154541016, 156.6578369140625, 99.05805969238281]"
Why It’s Usually Hotter In A City  Lets Talk  NPR.mp4,1080,45.044999999999995,3,car,0.9894393086433411,"[159.0450439453125, 82.09114074707031, 180.59571838378906, 99.00504302978516]"
Why It’s Usually Hotter In A City  Lets Talk  NPR.mp4,1080,45.044999999999995,3,car,0.9847937226295471,"[116.13727569580078, 85.2911148071289, 131.7261199951172, 103.59235382080078]"
Why It’s Usually Hotter In A City  Lets Talk  NPR.mp4,1080,45.044999999999995,3,car,0.9814938306808472,"[127.68753051757812, 85.11485290527344, 142.90016174316406, 101.57203674316406]"
Why It’s Usually Hotter In A City  Lets Talk  NPR.mp4,1080,45.044999999999995,3,car,0.9764229655265808,"[199.75343322753906, 82.95232391357422, 223.96908569335938, 222.09442138671875]"
Why It’s Usually Hotter In A City  Lets Talk  NPR.mp4,1080,45.044999999999995,3,car,0.9300376176834106,"[56.94799041748047, 78.71401977539062, 99.70454406738281, 90.35821533203125]"
Why It’s Usually Hotter In A City  Lets Talk  NPR.mp4,1080,45.044999999999995,3,car,0.6794069409370422,"[107.68531799316406, 85.29961395263672, 141.07528686523438, 102.60856628417969]"
Why It’s Usually Hotter In A City  Lets Talk  NPR.mp4,1080,45.044999999999995,3,car,0.6196481585502625,"[106.90046691894531, 85.80728912353516, 124.72755432128906, 105.05477142333984]"
Why It’s Usually Hotter In A City  Lets Talk  NPR.mp4,1080,45.044999999999995,3,car,0.5742944478988647,"[122.34440612792969, 84.83682250976562, 137.21241760253906, 102.7337875366211]"
Why It’s Usually Hotter In A City  Lets Talk  NPR.mp4,1080,45.044999999999995,3,car,0.572111964225769,"[183.5384521484375, 80.07662200927734, 196.22645568847656, 91.27363586425781]"
Why It’s Usually Hotter In A City  Lets Talk  NPR.mp4,1080,45.044999999999995,3,car,0.5640096664428711,"[144.16033935546875, 82.92509460449219, 160.21148681640625, 96.62661743164062]"
Why It’s Usually Hotter In A City  Lets Talk  NPR.mp4,1110,46.29624999999999,3,car,0.9967939257621765,"[0.0, 80.47893524169922, 79.33452606201172, 154.12442016601562]"
Why It’s Usually Hotter In A City  Lets Talk  NPR.mp4,1110,46.29624999999999,3,car,0.9967143535614014,"[56.52159881591797, 78.19779968261719, 97.67884826660156, 109.57356262207031]"
Why It’s Usually Hotter In A City  Lets Talk  NPR.mp4,1110,46.29624999999999,3,car,0.9878489971160889,"[94.54529571533203, 84.67861938476562, 119.66816711425781, 107.4179916381836]"
Why It’s Usually Hotter In A City  Lets Talk  NPR.mp4,1110,46.29624999999999,3,car,0.9847247004508972,"[115.80689239501953, 85.49430084228516, 131.3762969970703, 103.37574768066406]"
Why It’s Usually Hotter In A City  Lets Talk  NPR.mp4,1110,46.29624999999999,3,car,0.9821879267692566,"[143.30084228515625, 81.21621704101562, 171.29803466796875, 103.3628921508789]"
Why It’s Usually Hotter In A City  Lets Talk  NPR.mp4,1110,46.29624999999999,3,car,0.9700872302055359,"[168.83480834960938, 82.3800277709961, 178.44760131835938, 94.45867156982422]"
Why It’s Usually Hotter In A City  Lets Talk  NPR.mp4,1110,46.29624999999999,3,car,0.9623180031776428,"[177.34608459472656, 84.15238952636719, 187.14894104003906, 92.50353240966797]"
Why It’s Usually Hotter In A City  Lets Talk  NPR.mp4,1110,46.29624999999999,3,car,0.9519036412239075,"[125.39627075195312, 84.62419128417969, 140.3186798095703, 101.39447021484375]"
Why It’s Usually Hotter In A City  Lets Talk  NPR.mp4,1110,46.29624999999999,3,car,0.9471163749694824,"[200.5669403076172, 79.18477630615234, 224.0, 224.0]"
Why It’s Usually Hotter In A City  Lets Talk  NPR.mp4,1110,46.29624999999999,3,car,0.8827313184738159,"[183.61740112304688, 80.54166412353516, 196.2554473876953, 91.40202331542969]"
Why It’s Usually Hotter In A City  Lets Talk  NPR.mp4,1110,46.29624999999999,3,car,0.8001253008842468,"[139.74427795410156, 84.4764404296875, 151.76783752441406, 99.42791748046875]"
Why It’s Usually Hotter In A City  Lets Talk  NPR.mp4,1110,46.29624999999999,3,car,0.6945813298225403,"[9.520276069641113, 78.00834655761719, 55.47294998168945, 87.66496276855469]"
Why It’s Usually Hotter In A City  Lets Talk  NPR.mp4,1140,47.5475,3,car,0.9978868365287781,"[0.39887481927871704, 86.24838256835938, 36.96658706665039, 155.8617706298828]"
Why It’s Usually Hotter In A City  Lets Talk  NPR.mp4,1140,47.5475,3,car,0.9975214600563049,"[54.67308044433594, 78.57788848876953, 96.31175994873047, 113.10383605957031]"
Why It’s Usually Hotter In A City  Lets Talk  NPR.mp4,1140,47.5475,3,car,0.9962478280067444,"[10.79470157623291, 77.96977996826172, 60.8634033203125, 119.24462127685547]"
Why It’s Usually Hotter In A City  Lets Talk  NPR.mp4,1140,47.5475,3,car,0.9949986934661865,"[126.29802703857422, 81.13101959228516, 161.23141479492188, 108.16631317138672]"
Why It’s Usually Hotter In A City  Lets Talk  NPR.mp4,1140,47.5475,3,car,0.9933323264122009,"[94.4380874633789, 84.54882049560547, 118.70933532714844, 108.03617858886719]"
Why It’s Usually Hotter In A City  Lets Talk  NPR.mp4,1140,47.5475,3,car,0.9923376441001892,"[164.98660278320312, 82.90103912353516, 178.04454040527344, 95.03874206542969]"
Why It’s Usually Hotter In A City  Lets Talk  NPR.mp4,1140,47.5475,3,car,0.9800272583961487,"[200.784912109375, 79.38092803955078, 223.42999267578125, 224.0]"
Why It’s Usually Hotter In A City  Lets Talk  NPR.mp4,1140,47.5475,3,car,0.9658535122871399,"[177.5052032470703, 84.26089477539062, 186.6300811767578, 92.3826675415039]"
Why It’s Usually Hotter In A City  Lets Talk  NPR.mp4,1140,47.5475,3,car,0.9449295997619629,"[116.54345703125, 85.17243194580078, 127.9635238647461, 103.80963897705078]"
Why It’s Usually Hotter In A City  Lets Talk  NPR.mp4,1140,47.5475,3,car,0.8098774552345276,"[184.7489013671875, 81.36062622070312, 196.04354858398438, 91.14926147460938]"
Why It’s Usually Hotter In A City  Lets Talk  NPR.mp4,1140,47.5475,3,car,0.7953633069992065,"[203.36888122558594, 83.81108856201172, 224.0, 165.76173400878906]"
Why It’s Usually Hotter In A City  Lets Talk  NPR.mp4,1140,47.5475,3,car,0.5646060109138489,"[154.1317138671875, 82.47537231445312, 164.02626037597656, 97.0077896118164]"
Why It’s Usually Hotter In A City  Lets Talk  NPR.mp4,1200,50.05,1,person,0.5698969960212708,"[5.983914852142334, 134.8070526123047, 156.95538330078125, 223.12130737304688]"
Why It’s Usually Hotter In A City  Lets Talk  NPR.mp4,1230,51.301249999999996,3,car,0.6383950114250183,"[0.2505819797515869, 102.6998291015625, 61.2931022644043, 139.6876678466797]"
Why It’s Usually Hotter In A City  Lets Talk  NPR.mp4,1230,51.301249999999996,3,car,0.582822322845459,"[13.717061042785645, 55.01311492919922, 220.1724853515625, 212.78431701660156]"
Why It’s Usually Hotter In A City  Lets Talk  NPR.mp4,1320,55.05499999999999,1,person,0.7598515152931213,"[0.0, 124.52250671386719, 71.47875213623047, 222.30516052246094]"
Why It’s Usually Hotter In A City  Lets Talk  NPR.mp4,1350,56.30625,1,person,0.8027491569519043,"[0.0, 123.40074157714844, 73.8402099609375, 222.0464324951172]"
Why It’s Usually Hotter In A City  Lets Talk  NPR.mp4,1380,57.5575,1,person,0.8147520422935486,"[2.280810594558716, 117.98921203613281, 77.07232666015625, 221.30140686035156]"
Why It’s Usually Hotter In A City  Lets Talk  NPR.mp4,1410,58.808749999999996,1,person,0.7888616323471069,"[0.370635986328125, 111.03799438476562, 79.82469177246094, 222.4451904296875]"
Why It’s Usually Hotter In A City  Lets Talk  NPR.mp4,1500,62.56249999999999,1,person,0.8506601452827454,"[119.24566650390625, 67.15259552001953, 139.7267303466797, 131.2498016357422]"
Why It’s Usually Hotter In A City  Lets Talk  NPR.mp4,1500,62.56249999999999,62,toilet,0.5788796544075012,"[176.01156616210938, 179.00074768066406, 191.36070251464844, 187.3627471923828]"
Why It’s Usually Hotter In A City  Lets Talk  NPR.mp4,1530,63.81375,1,person,0.8540430665016174,"[119.20124816894531, 67.10718536376953, 139.72206115722656, 131.30282592773438]"
Why It’s Usually Hotter In A City  Lets Talk  NPR.mp4,1530,63.81375,62,toilet,0.5602473616600037,"[176.02505493164062, 178.9982147216797, 191.351318359375, 187.3659210205078]"
Why It’s Usually Hotter In A City  Lets Talk  NPR.mp4,1560,65.065,1,person,0.9086521863937378,"[117.85697937011719, 67.25144958496094, 139.1848602294922, 130.286865234375]"
Why It’s Usually Hotter In A City  Lets Talk  NPR.mp4,1560,65.065,1,person,0.5971123576164246,"[119.49147033691406, 72.37908935546875, 134.02536010742188, 110.71348571777344]"
Why It’s Usually Hotter In A City  Lets Talk  NPR.mp4,1560,65.065,1,person,0.501737117767334,"[129.3815460205078, 70.79795837402344, 140.40838623046875, 108.80696868896484]"
Why It’s Usually Hotter In A City  Lets Talk  NPR.mp4,1590,66.31625,1,person,0.7705159783363342,"[119.2528305053711, 67.70264434814453, 139.19781494140625, 131.11044311523438]"
Why It’s Usually Hotter In A City  Lets Talk  NPR.mp4,1590,66.31625,62,toilet,0.6807212233543396,"[175.77268981933594, 178.88218688964844, 191.20948791503906, 187.19334411621094]"
Why It’s Usually Hotter In A City  Lets Talk  NPR.mp4,1590,66.31625,1,person,0.5394032001495361,"[151.1475067138672, 78.81885528564453, 159.3953399658203, 93.28697967529297]"
Why It’s Usually Hotter In A City  Lets Talk  NPR.mp4,1620,67.5675,1,person,0.9181903600692749,"[117.39798736572266, 66.94280242919922, 139.18251037597656, 130.85679626464844]"
Why It’s Usually Hotter In A City  Lets Talk  NPR.mp4,1620,67.5675,1,person,0.5339964032173157,"[119.62552642822266, 72.27217102050781, 134.5301513671875, 111.69300842285156]"
Why It’s Usually Hotter In A City  Lets Talk  NPR.mp4,1650,68.81875,1,person,0.7576846480369568,"[119.5162582397461, 67.04849243164062, 139.31118774414062, 131.15737915039062]"
Why It’s Usually Hotter In A City  Lets Talk  NPR.mp4,1650,68.81875,62,toilet,0.572278618812561,"[175.7295379638672, 178.84918212890625, 191.2892608642578, 187.41778564453125]"
Why It’s Usually Hotter In A City  Lets Talk  NPR.mp4,1680,70.07,1,person,0.9207355380058289,"[118.08563232421875, 66.37223052978516, 139.3741455078125, 131.53363037109375]"
Why It’s Usually Hotter In A City  Lets Talk  NPR.mp4,1710,71.32124999999999,1,person,0.6238437294960022,"[119.40750122070312, 66.80867004394531, 139.8756103515625, 131.66482543945312]"
Why It’s Usually Hotter In A City  Lets Talk  NPR.mp4,1710,71.32124999999999,62,toilet,0.5112138390541077,"[175.93841552734375, 178.84629821777344, 190.80621337890625, 187.11260986328125]"
Why It’s Usually Hotter In A City  Lets Talk  NPR.mp4,1740,72.57249999999999,1,person,0.9920482039451599,"[98.66455078125, 191.8242645263672, 109.87982940673828, 216.99850463867188]"
Why It’s Usually Hotter In A City  Lets Talk  NPR.mp4,1740,72.57249999999999,1,person,0.9906902313232422,"[137.95640563964844, 189.64759826660156, 148.50759887695312, 218.1007537841797]"
Why It’s Usually Hotter In A City  Lets Talk  NPR.mp4,1740,72.57249999999999,1,person,0.986536979675293,"[160.96070861816406, 177.56532287597656, 173.07986450195312, 217.8839569091797]"
Why It’s Usually Hotter In A City  Lets Talk  NPR.mp4,1740,72.57249999999999,1,person,0.9799632430076599,"[173.7795867919922, 183.65908813476562, 185.31581115722656, 206.98667907714844]"
Why It’s Usually Hotter In A City  Lets Talk  NPR.mp4,1740,72.57249999999999,1,person,0.9688151478767395,"[184.0653076171875, 176.92633056640625, 196.43675231933594, 209.1350860595703]"
Why It’s Usually Hotter In A City  Lets Talk  NPR.mp4,1740,72.57249999999999,1,person,0.9673762321472168,"[200.36553955078125, 189.3333282470703, 212.2637939453125, 213.9513397216797]"
Why It’s Usually Hotter In A City  Lets Talk  NPR.mp4,1740,72.57249999999999,1,person,0.9420041441917419,"[146.6806640625, 188.27882385253906, 157.16514587402344, 216.9709930419922]"
Why It’s Usually Hotter In A City  Lets Talk  NPR.mp4,1740,72.57249999999999,1,person,0.9341428279876709,"[53.766441345214844, 194.59324645996094, 66.25473022460938, 222.7858123779297]"
Why It’s Usually Hotter In A City  Lets Talk  NPR.mp4,1740,72.57249999999999,62,toilet,0.770730197429657,"[30.75511932373047, 204.09649658203125, 45.590049743652344, 223.7838592529297]"
Why It’s Usually Hotter In A City  Lets Talk  NPR.mp4,1740,72.57249999999999,1,person,0.7105554342269897,"[216.63502502441406, 182.58352661132812, 223.52203369140625, 200.5245819091797]"
Why It’s Usually Hotter In A City  Lets Talk  NPR.mp4,1740,72.57249999999999,1,person,0.7090595960617065,"[55.79981231689453, 194.95396423339844, 64.93248748779297, 210.0993194580078]"
Why It’s Usually Hotter In A City  Lets Talk  NPR.mp4,1740,72.57249999999999,1,person,0.528564989566803,"[215.94142150878906, 183.6512908935547, 223.58628845214844, 213.49429321289062]"
Why It’s Usually Hotter In A City  Lets Talk  NPR.mp4,1770,73.82374999999999,1,person,0.9920400381088257,"[98.68010711669922, 191.83839416503906, 110.04702758789062, 216.95111083984375]"
Why It’s Usually Hotter In A City  Lets Talk  NPR.mp4,1770,73.82374999999999,1,person,0.9894775748252869,"[172.35623168945312, 176.96319580078125, 186.3691864013672, 214.9610595703125]"
Why It’s Usually Hotter In A City  Lets Talk  NPR.mp4,1770,73.82374999999999,1,person,0.98653644323349,"[54.093936920166016, 192.0176239013672, 66.67545318603516, 222.4779510498047]"
Why It’s Usually Hotter In A City  Lets Talk  NPR.mp4,1770,73.82374999999999,1,person,0.9844251871109009,"[150.98056030273438, 179.2400665283203, 162.36264038085938, 220.8765869140625]"
Why It’s Usually Hotter In A City  Lets Talk  NPR.mp4,1770,73.82374999999999,1,person,0.9817349314689636,"[199.9867706298828, 188.54556274414062, 212.4936981201172, 213.7938232421875]"
Why It’s Usually Hotter In A City  Lets Talk  NPR.mp4,1770,73.82374999999999,1,person,0.9571835994720459,"[138.03314208984375, 190.3171844482422, 149.6766357421875, 218.68215942382812]"
Why It’s Usually Hotter In A City  Lets Talk  NPR.mp4,1770,73.82374999999999,1,person,0.8526773452758789,"[140.7769317626953, 190.08055114746094, 156.28060913085938, 218.91290283203125]"
Why It’s Usually Hotter In A City  Lets Talk  NPR.mp4,1770,73.82374999999999,62,toilet,0.7748472690582275,"[31.908016204833984, 204.55606079101562, 46.025474548339844, 223.19691467285156]"
Why It’s Usually Hotter In A City  Lets Talk  NPR.mp4,1770,73.82374999999999,1,person,0.6520810127258301,"[215.79537963867188, 183.80636596679688, 223.32321166992188, 201.85955810546875]"
Why It’s Usually Hotter In A City  Lets Talk  NPR.mp4,1770,73.82374999999999,1,person,0.6463538408279419,"[161.36766052246094, 192.1175537109375, 169.59515380859375, 211.77230834960938]"
Why It’s Usually Hotter In A City  Lets Talk  NPR.mp4,1770,73.82374999999999,1,person,0.6003811955451965,"[212.77862548828125, 183.9280242919922, 223.1016082763672, 214.8164825439453]"
Why It’s Usually Hotter In A City  Lets Talk  NPR.mp4,1770,73.82374999999999,1,person,0.5860028266906738,"[145.86538696289062, 190.0526885986328, 150.5185089111328, 200.18087768554688]"
Why It’s Usually Hotter In A City  Lets Talk  NPR.mp4,1770,73.82374999999999,2,bicycle,0.542053759098053,"[192.81857299804688, 204.4831085205078, 204.03060913085938, 218.82073974609375]"
Why It’s Usually Hotter In A City  Lets Talk  NPR.mp4,1800,75.07499999999999,1,person,0.9917717576026917,"[98.62745666503906, 191.73440551757812, 110.03053283691406, 217.00457763671875]"
Why It’s Usually Hotter In A City  Lets Talk  NPR.mp4,1800,75.07499999999999,1,person,0.9914957284927368,"[135.3417510986328, 179.0209197998047, 148.85520935058594, 222.42953491210938]"
Why It’s Usually Hotter In A City  Lets Talk  NPR.mp4,1800,75.07499999999999,1,person,0.9882914423942566,"[54.503482818603516, 191.36126708984375, 67.02069091796875, 223.0544891357422]"
Why It’s Usually Hotter In A City  Lets Talk  NPR.mp4,1800,75.07499999999999,1,person,0.9869233965873718,"[163.00851440429688, 174.427734375, 176.36439514160156, 219.16897583007812]"
Why It’s Usually Hotter In A City  Lets Talk  NPR.mp4,1800,75.07499999999999,1,person,0.9777176380157471,"[200.185546875, 188.64471435546875, 212.29061889648438, 213.86122131347656]"
Why It’s Usually Hotter In A City  Lets Talk  NPR.mp4,1800,75.07499999999999,1,person,0.9608287811279297,"[175.72630310058594, 183.25564575195312, 185.62857055664062, 208.1030731201172]"
Why It’s Usually Hotter In A City  Lets Talk  NPR.mp4,1800,75.07499999999999,1,person,0.8439101576805115,"[147.26405334472656, 192.01365661621094, 158.8267059326172, 217.7195587158203]"
Why It’s Usually Hotter In A City  Lets Talk  NPR.mp4,1800,75.07499999999999,62,toilet,0.7422318458557129,"[31.87004280090332, 204.56544494628906, 45.99447250366211, 223.19839477539062]"
Why It’s Usually Hotter In A City  Lets Talk  NPR.mp4,1800,75.07499999999999,1,person,0.6294608116149902,"[214.22921752929688, 184.67523193359375, 223.30819702148438, 213.88720703125]"
Why It’s Usually Hotter In A City  Lets Talk  NPR.mp4,1800,75.07499999999999,1,person,0.587821900844574,"[215.4959259033203, 183.77435302734375, 223.47897338867188, 199.5460205078125]"
Why It’s Usually Hotter In A City  Lets Talk  NPR.mp4,1980,82.5825,84,Unknown,0.5940533876419067,"[3.8654279708862305, 96.7885513305664, 42.84656524658203, 174.99014282226562]"
Why It’s Usually Hotter In A City  Lets Talk  NPR.mp4,2070,86.33624999999999,15,bird,0.7146631479263306,"[0.3843933045864105, 5.457889556884766, 224.0, 215.5364990234375]"
Why It’s Usually Hotter In A City  Lets Talk  NPR.mp4,2100,87.58749999999999,15,bird,0.6799373626708984,"[0.7952246069908142, 4.469275951385498, 223.70274353027344, 217.70655822753906]"
Why It’s Usually Hotter In A City  Lets Talk  NPR.mp4,2130,88.83874999999999,15,bird,0.7209680676460266,"[1.2982641458511353, 5.071958065032959, 224.0, 213.0668487548828]"
Why It’s Usually Hotter In A City  Lets Talk  NPR.mp4,2160,90.08999999999999,15,bird,0.84238600730896,"[26.591028213500977, 0.0, 220.1797332763672, 221.48548889160156]"
Why It’s Usually Hotter In A City  Lets Talk  NPR.mp4,2160,90.08999999999999,84,Unknown,0.6570772528648376,"[0.0, 11.362344741821289, 63.366233825683594, 173.0342254638672]"
Why It’s Usually Hotter In A City  Lets Talk  NPR.mp4,2160,90.08999999999999,84,Unknown,0.5300467610359192,"[0.1694970726966858, 2.4172985553741455, 61.506988525390625, 94.65921783447266]"
Why It’s Usually Hotter In A City  Lets Talk  NPR.mp4,2190,91.34124999999999,84,Unknown,0.633503794670105,"[0.0, 0.22303101420402527, 109.5361557006836, 85.95291900634766]"
Why It’s Usually Hotter In A City  Lets Talk  NPR.mp4,2190,91.34124999999999,84,Unknown,0.5116956233978271,"[2.214801073074341, 23.24559783935547, 115.63894653320312, 189.2967071533203]"
Why It’s Usually Hotter In A City  Lets Talk  NPR.mp4,2220,92.59249999999999,15,bird,0.5473706126213074,"[58.03410339355469, 1.051914095878601, 218.23056030273438, 196.70706176757812]"
Why It’s Usually Hotter In A City  Lets Talk  NPR.mp4,2250,93.84375,84,Unknown,0.5528432130813599,"[0.0, 0.3418695032596588, 107.42625427246094, 91.41278839111328]"
Why It’s Usually Hotter In A City  Lets Talk  NPR.mp4,2310,96.34625,3,car,0.9900272488594055,"[19.747356414794922, 121.29492950439453, 40.711063385009766, 138.58453369140625]"
Why It’s Usually Hotter In A City  Lets Talk  NPR.mp4,2310,96.34625,1,person,0.9801855087280273,"[143.2755126953125, 113.97370147705078, 148.92100524902344, 127.8730697631836]"
Why It’s Usually Hotter In A City  Lets Talk  NPR.mp4,2310,96.34625,2,bicycle,0.9797793030738831,"[3.8449478149414062, 126.8951644897461, 20.06960105895996, 154.0699005126953]"
Why It’s Usually Hotter In A City  Lets Talk  NPR.mp4,2310,96.34625,3,car,0.978954017162323,"[45.82731246948242, 119.13008117675781, 59.27320861816406, 133.2358856201172]"
Why It’s Usually Hotter In A City  Lets Talk  NPR.mp4,2310,96.34625,3,car,0.9745610356330872,"[33.95659637451172, 119.88858032226562, 48.04885482788086, 135.42909240722656]"
Why It’s Usually Hotter In A City  Lets Talk  NPR.mp4,2310,96.34625,3,car,0.9543413519859314,"[75.45056915283203, 116.35962677001953, 87.90415954589844, 124.79154968261719]"
Why It’s Usually Hotter In A City  Lets Talk  NPR.mp4,2310,96.34625,3,car,0.947329580783844,"[56.8293571472168, 116.26345825195312, 70.44536590576172, 129.8375244140625]"
Why It’s Usually Hotter In A City  Lets Talk  NPR.mp4,2310,96.34625,1,person,0.9454541206359863,"[6.103672981262207, 111.68309020996094, 18.685697555541992, 146.04029846191406]"
Why It’s Usually Hotter In A City  Lets Talk  NPR.mp4,2310,96.34625,3,car,0.9415977597236633,"[100.9076156616211, 114.15927124023438, 110.32854461669922, 127.39290618896484]"
Why It’s Usually Hotter In A City  Lets Talk  NPR.mp4,2310,96.34625,10,traffic light,0.9298701882362366,"[197.7859344482422, 77.20384979248047, 206.26425170898438, 100.85865020751953]"
Why It’s Usually Hotter In A City  Lets Talk  NPR.mp4,2310,96.34625,8,truck,0.903745174407959,"[155.6225128173828, 107.13533020019531, 202.7804718017578, 133.51573181152344]"
Why It’s Usually Hotter In A City  Lets Talk  NPR.mp4,2310,96.34625,3,car,0.8973241448402405,"[86.91289520263672, 115.16586303710938, 94.16582489013672, 122.5880126953125]"
Why It’s Usually Hotter In A City  Lets Talk  NPR.mp4,2310,96.34625,1,person,0.8647332787513733,"[7.820444583892822, 111.64131927490234, 18.24591636657715, 127.66499328613281]"
Why It’s Usually Hotter In A City  Lets Talk  NPR.mp4,2310,96.34625,3,car,0.7859878540039062,"[80.83811950683594, 116.29252624511719, 89.43378448486328, 123.61624145507812]"
Why It’s Usually Hotter In A City  Lets Talk  NPR.mp4,2310,96.34625,3,car,0.6614391803741455,"[65.76211547851562, 116.51173400878906, 73.01941680908203, 127.3515853881836]"
Why It’s Usually Hotter In A City  Lets Talk  NPR.mp4,2310,96.34625,10,traffic light,0.5939498543739319,"[107.8286361694336, 106.49445343017578, 111.40687561035156, 113.7839584350586]"
Why It’s Usually Hotter In A City  Lets Talk  NPR.mp4,2310,96.34625,3,car,0.5803001523017883,"[32.98556900024414, 121.05245971679688, 42.13945388793945, 136.3587646484375]"
Why It’s Usually Hotter In A City  Lets Talk  NPR.mp4,2400,100.1,1,person,0.709963858127594,"[136.04200744628906, 126.78411865234375, 146.528076171875, 155.0123291015625]"
Why It’s Usually Hotter In A City  Lets Talk  NPR.mp4,2430,101.35125,85,Unknown,0.6490060687065125,"[59.43224334716797, 0.9470849633216858, 153.49623107910156, 110.35276794433594]"
Why It’s Usually Hotter In A City  Lets Talk  NPR.mp4,2460,102.60249999999999,1,person,0.8476991653442383,"[140.48814392089844, 122.00428771972656, 223.59347534179688, 217.47134399414062]"
Why It’s Usually Hotter In A City  Lets Talk  NPR.mp4,2460,102.60249999999999,85,Unknown,0.6669319272041321,"[54.39002990722656, 0.9813287258148193, 150.3878936767578, 114.12018585205078]"
Why It’s Usually Hotter In A City  Lets Talk  NPR.mp4,2460,102.60249999999999,1,person,0.5567767024040222,"[3.397623300552368, 67.51610565185547, 224.0, 219.4746856689453]"
Why It’s Usually Hotter In A City  Lets Talk  NPR.mp4,2490,103.85374999999999,1,person,0.9571545720100403,"[104.67537689208984, 98.84668731689453, 222.0093231201172, 212.9461212158203]"
Why It’s Usually Hotter In A City  Lets Talk  NPR.mp4,2490,103.85374999999999,1,person,0.813983142375946,"[8.005600929260254, 75.07162475585938, 224.0, 218.98330688476562]"
Why It’s Usually Hotter In A City  Lets Talk  NPR.mp4,2490,103.85374999999999,85,Unknown,0.759856104850769,"[51.25648880004883, 0.0, 151.7337646484375, 114.58065032958984]"
Why It’s Usually Hotter In A City  Lets Talk  NPR.mp4,2520,105.10499999999999,77,scissors,0.9706450700759888,"[59.8429069519043, 45.70635986328125, 200.54104614257812, 222.7506103515625]"
Why It’s Usually Hotter In A City  Lets Talk  NPR.mp4,2880,120.11999999999999,3,car,0.9980019927024841,"[2.198606252670288, 1.8503302335739136, 57.53496551513672, 29.554494857788086]"
Why It’s Usually Hotter In A City  Lets Talk  NPR.mp4,2880,120.11999999999999,3,car,0.9975618124008179,"[59.683929443359375, 0.400178998708725, 113.19744110107422, 24.593074798583984]"
Why It’s Usually Hotter In A City  Lets Talk  NPR.mp4,2880,120.11999999999999,3,car,0.9815577864646912,"[191.15687561035156, 0.0, 223.22914123535156, 8.88484001159668]"
Why It’s Usually Hotter In A City  Lets Talk  NPR.mp4,2880,120.11999999999999,3,car,0.9641149640083313,"[115.56318664550781, 0.0, 168.17355346679688, 18.896560668945312]"
Why It’s Usually Hotter In A City  Lets Talk  NPR.mp4,2880,120.11999999999999,28,tie,0.8510822653770447,"[88.91284942626953, 126.31156921386719, 112.7128677368164, 161.03860473632812]"
Why It’s Usually Hotter In A City  Lets Talk  NPR.mp4,2880,120.11999999999999,1,person,0.8257768750190735,"[91.17792510986328, 137.3892364501953, 110.37274169921875, 174.43946838378906]"
Why It’s Usually Hotter In A City  Lets Talk  NPR.mp4,2880,120.11999999999999,1,person,0.8127870559692383,"[95.92973327636719, 148.74285888671875, 106.49127960205078, 174.9559783935547]"
Why It’s Usually Hotter In A City  Lets Talk  NPR.mp4,2880,120.11999999999999,28,tie,0.8033877015113831,"[96.47299194335938, 151.11907958984375, 125.16343688964844, 175.34584045410156]"
Why It’s Usually Hotter In A City  Lets Talk  NPR.mp4,2880,120.11999999999999,3,car,0.7260814905166626,"[162.29396057128906, 0.6272346377372742, 191.1846160888672, 14.95932388305664]"
Why It’s Usually Hotter In A City  Lets Talk  NPR.mp4,2880,120.11999999999999,62,toilet,0.5226967930793762,"[1.235775113105774, 185.23585510253906, 77.3209228515625, 223.4084930419922]"
Why It’s Usually Hotter In A City  Lets Talk  NPR.mp4,2910,121.37124999999999,3,car,0.9958392381668091,"[0.6496917605400085, 0.2404274046421051, 57.63050842285156, 24.89090919494629]"
Why It’s Usually Hotter In A City  Lets Talk  NPR.mp4,2910,121.37124999999999,3,car,0.9958325028419495,"[58.52034378051758, 0.15303421020507812, 112.51338195800781, 20.217477798461914]"
Why It’s Usually Hotter In A City  Lets Talk  NPR.mp4,2910,121.37124999999999,28,tie,0.9941330552101135,"[114.64871978759766, 124.5445785522461, 139.73074340820312, 153.2061767578125]"
Why It’s Usually Hotter In A City  Lets Talk  NPR.mp4,2910,121.37124999999999,3,car,0.975434422492981,"[115.33516693115234, 0.0, 168.96511840820312, 16.271636962890625]"
Why It’s Usually Hotter In A City  Lets Talk  NPR.mp4,2910,121.37124999999999,3,car,0.9465400576591492,"[190.57225036621094, 0.0, 222.97889709472656, 7.766473293304443]"
Why It’s Usually Hotter In A City  Lets Talk  NPR.mp4,2910,121.37124999999999,1,person,0.729607880115509,"[120.19488525390625, 148.97003173828125, 132.86325073242188, 173.81825256347656]"
Why It’s Usually Hotter In A City  Lets Talk  NPR.mp4,2910,121.37124999999999,1,person,0.7228137850761414,"[114.49794006347656, 130.33688354492188, 137.7843780517578, 173.39578247070312]"
Why It’s Usually Hotter In A City  Lets Talk  NPR.mp4,3150,131.38125,3,car,0.9693332314491272,"[151.369384765625, 108.72322082519531, 172.40731811523438, 122.76602935791016]"
Why It’s Usually Hotter In A City  Lets Talk  NPR.mp4,3150,131.38125,3,car,0.934626042842865,"[165.6130828857422, 131.1041717529297, 182.08587646484375, 146.28353881835938]"
Why It’s Usually Hotter In A City  Lets Talk  NPR.mp4,3150,131.38125,3,car,0.8616339564323425,"[180.73316955566406, 148.74290466308594, 204.0576171875, 168.77244567871094]"
Why It’s Usually Hotter In A City  Lets Talk  NPR.mp4,3150,131.38125,3,car,0.7077954411506653,"[71.64292907714844, 59.745750427246094, 81.41407012939453, 68.72975158691406]"
Why It’s Usually Hotter In A City  Lets Talk  NPR.mp4,3150,131.38125,3,car,0.6461980938911438,"[86.34677124023438, 46.39397430419922, 101.45765686035156, 71.4402847290039]"
Why It’s Usually Hotter In A City  Lets Talk  NPR.mp4,3180,132.6325,3,car,0.9846962690353394,"[7.39898157119751, 177.9523162841797, 21.29418182373047, 191.21534729003906]"
Why It’s Usually Hotter In A City  Lets Talk  NPR.mp4,3180,132.6325,3,car,0.9827540516853333,"[18.157943725585938, 192.03594970703125, 33.9355354309082, 205.25192260742188]"
Why It’s Usually Hotter In A City  Lets Talk  NPR.mp4,3180,132.6325,3,car,0.9800610542297363,"[35.196170806884766, 210.35244750976562, 55.86430358886719, 224.0]"
Why It’s Usually Hotter In A City  Lets Talk  NPR.mp4,3180,132.6325,3,car,0.9619666337966919,"[6.007119178771973, 166.0244140625, 17.472864151000977, 175.9072723388672]"
Why It’s Usually Hotter In A City  Lets Talk  NPR.mp4,3180,132.6325,3,car,0.9154345989227295,"[0.028306923806667328, 167.8834686279297, 5.951296806335449, 175.5591278076172]"
Why It’s Usually Hotter In A City  Lets Talk  NPR.mp4,3210,133.88375,10,traffic light,0.8437535762786865,"[204.76234436035156, 49.262474060058594, 210.0320281982422, 66.23605346679688]"
Why It’s Usually Hotter In A City  Lets Talk  NPR.mp4,3210,133.88375,3,car,0.7855411767959595,"[0.0, 54.02773666381836, 224.0, 220.93821716308594]"
Why It’s Usually Hotter In A City  Lets Talk  NPR.mp4,3210,133.88375,10,traffic light,0.7579679489135742,"[77.82928466796875, 35.08808135986328, 85.37682342529297, 47.24756622314453]"
Why It’s Usually Hotter In A City  Lets Talk  NPR.mp4,3210,133.88375,3,car,0.6594064235687256,"[1.1524707078933716, 37.937259674072266, 178.30636596679688, 109.7791748046875]"
Why It’s Usually Hotter In A City  Lets Talk  NPR.mp4,3240,135.135,1,person,0.9967392086982727,"[67.59361267089844, 107.81927490234375, 78.65928649902344, 143.80734252929688]"
Why It’s Usually Hotter In A City  Lets Talk  NPR.mp4,3240,135.135,3,car,0.9957220554351807,"[187.40025329589844, 108.95870971679688, 224.0, 152.20018005371094]"
Why It’s Usually Hotter In A City  Lets Talk  NPR.mp4,3240,135.135,10,traffic light,0.995648205280304,"[69.4996337890625, 35.02286911010742, 77.59233093261719, 59.04874038696289]"
Why It’s Usually Hotter In A City  Lets Talk  NPR.mp4,3240,135.135,10,traffic light,0.9930464625358582,"[196.4054718017578, 49.97596740722656, 201.9891357421875, 68.21726989746094]"
Why It’s Usually Hotter In A City  Lets Talk  NPR.mp4,3240,135.135,1,person,0.9927195310592651,"[38.320247650146484, 107.56381225585938, 53.41988754272461, 144.38351440429688]"
Why It’s Usually Hotter In A City  Lets Talk  NPR.mp4,3240,135.135,1,person,0.9921836256980896,"[7.943968296051025, 103.74068450927734, 26.849660873413086, 145.90753173828125]"
Why It’s Usually Hotter In A City  Lets Talk  NPR.mp4,3240,135.135,1,person,0.9638006091117859,"[110.50482177734375, 113.58091735839844, 119.75182342529297, 138.8651123046875]"
Why It’s Usually Hotter In A City  Lets Talk  NPR.mp4,3240,135.135,3,car,0.9440041780471802,"[23.37767791748047, 114.27417755126953, 68.1958236694336, 142.14756774902344]"
Why It’s Usually Hotter In A City  Lets Talk  NPR.mp4,3240,135.135,10,traffic light,0.9138842225074768,"[99.95833587646484, 46.39811325073242, 106.6734619140625, 68.31877899169922]"
Why It’s Usually Hotter In A City  Lets Talk  NPR.mp4,3240,135.135,1,person,0.8482102155685425,"[109.55087280273438, 113.87261962890625, 115.68070983886719, 138.04087829589844]"
Why It’s Usually Hotter In A City  Lets Talk  NPR.mp4,3240,135.135,1,person,0.8069419860839844,"[113.62001037597656, 112.18365478515625, 122.26201629638672, 138.49256896972656]"
Why It’s Usually Hotter In A City  Lets Talk  NPR.mp4,3240,135.135,1,person,0.8027026653289795,"[81.33256530761719, 112.80386352539062, 90.14189910888672, 139.31263732910156]"
Why It’s Usually Hotter In A City  Lets Talk  NPR.mp4,3240,135.135,10,traffic light,0.7050778269767761,"[98.92413330078125, 75.90593719482422, 105.02532958984375, 89.27164459228516]"
Why It’s Usually Hotter In A City  Lets Talk  NPR.mp4,3240,135.135,33,sports ball,0.638409435749054,"[116.35800170898438, 130.31883239746094, 122.16397094726562, 138.8565216064453]"
Why It’s Usually Hotter In A City  Lets Talk  NPR.mp4,3240,135.135,10,traffic light,0.5966048836708069,"[97.14554595947266, 75.91964721679688, 100.9502182006836, 88.00544738769531]"
Why It’s Usually Hotter In A City  Lets Talk  NPR.mp4,3240,135.135,1,person,0.5867660641670227,"[4.006758689880371, 117.02728271484375, 12.961935043334961, 138.735107421875]"
Why It’s Usually Hotter In A City  Lets Talk  NPR.mp4,3360,140.14,37,skateboard,0.7615975737571716,"[202.460205078125, 145.4589385986328, 222.58551025390625, 176.74668884277344]"
Why It’s Usually Hotter In A City  Lets Talk  NPR.mp4,3420,142.64249999999998,85,Unknown,0.774369478225708,"[166.56263732910156, 35.151954650878906, 174.273681640625, 53.34084701538086]"
Why It’s Usually Hotter In A City  Lets Talk  NPR.mp4,3450,143.89374999999998,3,car,0.9970617890357971,"[171.68856811523438, 102.75320434570312, 224.0, 144.01812744140625]"
